,FR source,DE source
FR target,0.8271459980980853,0.012796525673112326
DE target,0.173887057746843,0.5234429384699985
