,mu,lambda_bar,endogenous_share
FR,0.001442311789102282,0.009017981984014848,0.8400626890074848
DE,0.0027698289136375972,0.009102664964663172,0.6957123079460621
